customer_id,name,city
1,Rohit Mishra,Pune
2,Priya Bhat,Hyderabad
3,Anjali Reddy,Chennai
4,Rohit Verma,Pune
5,Kiran Yadav,Bengaluru
6,Amit Mehta,Nagpur
7,Rakesh Bhat,Kochi
8,Nitin Mishra,Jaipur
9,Arjun Singh,Surat
10,Arjun Chauhan,Nagpur
11,Pooja Chauhan,Jaipur
12,Neha Verma,Kochi
13,Suresh Kumar,Surat
14,Manoj Iyer,Surat
15,Nitin Yadav,Pune
16,Arjun Iyer,Bengaluru
17,Amit Chauhan,Kolkata
18,Sneha Yadav,Ahmedabad
19,Rakesh Kulkarni,Kolkata
20,Nitin Agarwal,Mumbai
21,Vikram Das,Hyderabad
22,Anjali Joshi,Delhi
23,Rohit Mehta,Jaipur
24,Sneha Kumar,Mumbai
25,Sneha Mishra,Delhi
26,Kavita Sharma,Chennai
27,Neha Kulkarni,Chennai
28,Deepak Yadav,Ahmedabad
29,Deepak Iyer,Bengaluru
30,Pooja Bhat,Kolkata
31,Arjun Nair,Chennai
32,Pooja Reddy,Kolkata
33,Vikram Agarwal,Kolkata
34,Neha Reddy,Mumbai
35,Suresh Chauhan,Pune
36,Arjun Bhat,Nagpur
37,Sneha Rao,Hyderabad
38,Rohit Agarwal,Kochi
39,Rakesh Das,Surat
40,Anjali Singh,Kochi
41,Kiran Sharma,Surat
42,Priya Chauhan,Ahmedabad
43,Kiran Gupta,Chennai
44,Divya Joshi,Jaipur
45,Rahul Joshi,Nagpur
46,Pooja Kulkarni,Jaipur
47,Arjun Iyer,Ahmedabad
48,Deepak Iyer,Bhopal
49,Divya Nair,Jaipur
50,Amit Singh,Kolkata
51,Deepak Das,Bengaluru
52,Priya Kulkarni,Ahmedabad
53,Kiran Chauhan,Hyderabad
54,Priya Patel,Ahmedabad
55,Rakesh Reddy,Bengaluru
56,Rahul Bhat,Hyderabad
57,Deepak Gupta,Kolkata
58,Manoj Verma,Ahmedabad
59,Kavita Patel,Chennai
60,Rakesh Mishra,Indore
61,Amit Singh,Kochi
62,Arjun Jain,Kolkata
63,Asha Kulkarni,Nagpur
64,Sneha Joshi,Lucknow
65,Anjali Das,Pune
66,Neha Yadav,Nagpur
67,Pooja Singh,Jaipur
68,Rakesh Das,Surat
69,Arjun Chauhan,Surat
70,Neha Mishra,Kolkata
71,Pooja Mehta,Chennai
72,Priya Verma,Kochi
73,Rakesh Gupta,Delhi
74,Arjun Nair,Indore
75,Rahul Jain,Jaipur
76,Manoj Mishra,Ahmedabad
77,Deepak Joshi,Delhi
78,Vikram Kumar,Pune
79,Rahul Singh,Pune
80,Kiran Rao,Ahmedabad
81,Rohit Joshi,Kochi
82,Deepak Bhat,Indore
83,Meera Kulkarni,Pune
84,Vikram Rao,Jaipur
85,Manoj Nair,Chennai
86,Pooja Das,Ahmedabad
87,Manoj Reddy,Kolkata
88,Rahul Rao,Jaipur
89,Amit Mishra,Bhopal
90,Nitin Kumar,Pune
91,Neha Rao,Delhi
92,Arjun Kumar,Lucknow
93,Rakesh Bhat,Indore
94,Priya Mehta,Lucknow
95,Rakesh Kulkarni,Lucknow
96,Meera Kulkarni,Bengaluru
97,Vikram Jain,Delhi
98,Divya Reddy,Surat
99,Kavita Kulkarni,Ahmedabad
100,Sneha Patel,Kochi
101,Amit Yadav,Hyderabad
102,Sneha Mehta,Pune
103,Kiran Chauhan,Delhi
104,Meera Patel,Delhi
105,Suresh Yadav,Kolkata
106,Suresh Sharma,Jaipur
107,Vikram Patel,Bhopal
108,Sneha Agarwal,Ahmedabad
109,Sneha Chauhan,Bengaluru
110,Nitin Kumar,Chennai
111,Suresh Gupta,Ahmedabad
112,Asha Iyer,Surat
113,Pooja Jain,Lucknow
114,Nitin Singh,Hyderabad
115,Deepak Yadav,Bengaluru
116,Nitin Yadav,Pune
117,Neha Singh,Bhopal
118,Anjali Nair,Hyderabad
119,Vikram Iyer,Delhi
120,Nitin Patel,Jaipur
121,Manoj Gupta,Bhopal
122,Anjali Nair,Bengaluru
123,Anjali Sharma,Bhopal
124,Divya Yadav,Pune
125,Divya Nair,Ahmedabad
126,Priya Reddy,Delhi
127,Neha Mishra,Pune
128,Priya Verma,Surat
129,Kavita Chauhan,Ahmedabad
130,Nitin Joshi,Lucknow
131,Manoj Nair,Kolkata
132,Nitin Verma,Lucknow
133,Divya Rao,Lucknow
134,Suresh Bhat,Jaipur
135,Rahul Mehta,Bhopal
136,Vikram Das,Bengaluru
137,Suresh Jain,Chennai
138,Manoj Joshi,Lucknow
139,Asha Singh,Kochi
140,Arjun Chauhan,Nagpur
141,Pooja Chauhan,Mumbai
142,Arjun Rao,Kolkata
143,Manoj Kumar,Pune
144,Priya Agarwal,Delhi
145,Manoj Yadav,Chennai
146,Neha Reddy,Hyderabad
147,Pooja Kumar,Lucknow
148,Neha Iyer,Hyderabad
149,Nitin Patel,Delhi
150,Rakesh Sharma,Nagpur
151,Rohit Kulkarni,Bengaluru
152,Amit Chauhan,Bengaluru
153,Kavita Bhat,Indore
154,Rakesh Rao,Ahmedabad
155,Pooja Joshi,Nagpur
156,Rohit Agarwal,Mumbai
157,Neha Verma,Hyderabad
158,Rahul Patel,Pune
159,Pooja Iyer,Lucknow
160,Amit Reddy,Pune
161,Nitin Sharma,Nagpur
162,Rakesh Patel,Indore
163,Rahul Iyer,Indore
164,Pooja Yadav,Delhi
165,Arjun Mehta,Jaipur
166,Rakesh Singh,Kochi
167,Anjali Mehta,Indore
168,Arjun Gupta,Pune
169,Rahul Singh,Surat
170,Asha Agarwal,Lucknow
171,Vikram Gupta,Indore
172,Meera Iyer,Chennai
173,Suresh Agarwal,Bengaluru
174,Sneha Mehta,Jaipur
175,Priya Joshi,Nagpur
176,Neha Mehta,Hyderabad
177,Anjali Nair,Bengaluru
178,Pooja Nair,Mumbai
179,Amit Gupta,Lucknow
180,Neha Mehta,Pune
181,Pooja Kumar,Surat
182,Anjali Jain,Bengaluru
183,Anjali Reddy,Chennai
184,Anjali Iyer,Surat
185,Priya Reddy,Hyderabad
186,Kavita Iyer,Mumbai
187,Rakesh Sharma,Chennai
188,Nitin Yadav,Delhi
189,Divya Rao,Ahmedabad
190,Divya Jain,Kolkata
191,Rohit Bhat,Pune
192,Arjun Agarwal,Hyderabad
193,Nitin Gupta,Delhi
194,Kavita Jain,Bhopal
195,Suresh Jain,Bhopal
196,Arjun Singh,Delhi
197,Rahul Agarwal,Lucknow
198,Deepak Rao,Lucknow
199,Manoj Nair,Delhi
200,Priya Gupta,Mumbai
201,Amit Iyer,Kochi
202,Kavita Kumar,Ahmedabad
203,Pooja Das,Bhopal
204,Pooja Bhat,Bhopal
205,Asha Chauhan,Nagpur
206,Suresh Verma,Delhi
207,Pooja Kumar,Bhopal
208,Priya Chauhan,Bengaluru
209,Manoj Reddy,Bengaluru
210,Rahul Verma,Nagpur
211,Amit Bhat,Indore
212,Rakesh Gupta,Pune
213,Sneha Rao,Kolkata
214,Rahul Iyer,Bhopal
215,Nitin Joshi,Mumbai
216,Anjali Verma,Jaipur
217,Amit Joshi,Surat
218,Kavita Verma,Pune
219,Divya Nair,Lucknow
220,Asha Sharma,Kolkata
221,Neha Patel,Kochi
222,Priya Jain,Delhi
223,Arjun Rao,Chennai
224,Nitin Reddy,Delhi
225,Divya Chauhan,Jaipur
226,Rohit Gupta,Chennai
227,Rakesh Patel,Delhi
228,Pooja Singh,Surat
229,Suresh Kulkarni,Hyderabad
230,Anjali Kulkarni,Kochi
231,Kavita Joshi,Surat
232,Pooja Bhat,Delhi
233,Asha Chauhan,Lucknow
234,Kiran Joshi,Nagpur
235,Deepak Sharma,Chennai
236,Rahul Das,Ahmedabad
237,Pooja Singh,Hyderabad
238,Manoj Sharma,Ahmedabad
239,Anjali Bhat,Chennai
240,Arjun Iyer,Bengaluru
241,Sneha Yadav,Hyderabad
242,Neha Jain,Lucknow
243,Nitin Iyer,Nagpur
244,Meera Gupta,Pune
245,Rohit Yadav,Bengaluru
246,Neha Bhat,Kochi
247,Kavita Iyer,Kochi
248,Meera Bhat,Kochi
249,Asha Nair,Indore
250,Kavita Joshi,Delhi
251,Suresh Jain,Kolkata
252,Arjun Chauhan,Kochi
253,Suresh Chauhan,Mumbai
254,Rohit Verma,Surat
255,Vikram Joshi,Jaipur
256,Asha Das,Pune
257,Rahul Kulkarni,Ahmedabad
258,Anjali Bhat,Bhopal
259,Arjun Bhat,Lucknow
260,Kiran Yadav,Mumbai
261,Arjun Singh,Pune
262,Rohit Chauhan,Indore
263,Manoj Yadav,Ahmedabad
264,Arjun Yadav,Nagpur
265,Pooja Kulkarni,Pune
266,Suresh Joshi,Pune
267,Nitin Chauhan,Hyderabad
268,Anjali Nair,Ahmedabad
269,Meera Das,Bengaluru
270,Kavita Singh,Bhopal
271,Asha Reddy,Kolkata
272,Pooja Kulkarni,Chennai
273,Vikram Bhat,Indore
274,Meera Iyer,Indore
275,Priya Gupta,Mumbai
276,Meera Chauhan,Ahmedabad
277,Pooja Mehta,Delhi
278,Rohit Bhat,Lucknow
279,Manoj Rao,Surat
280,Asha Gupta,Surat
281,Amit Agarwal,Ahmedabad
282,Meera Bhat,Kochi
283,Manoj Kumar,Mumbai
284,Asha Chauhan,Ahmedabad
285,Anjali Agarwal,Bhopal
286,Amit Rao,Kolkata
287,Pooja Das,Chennai
288,Rohit Jain,Chennai
289,Arjun Gupta,Bengaluru
290,Vikram Singh,Mumbai
291,Kiran Gupta,Pune
292,Amit Kulkarni,Bengaluru
293,Anjali Mishra,Kolkata
294,Amit Joshi,Nagpur
295,Asha Jain,Kochi
296,Manoj Mehta,Indore
297,Pooja Agarwal,Delhi
298,Pooja Verma,Hyderabad
299,Arjun Verma,Bengaluru
300,Amit Reddy,Jaipur
301,Asha Iyer,Kolkata
302,Arjun Patel,Chennai
303,Anjali Chauhan,Bengaluru
304,Vikram Reddy,Nagpur
305,Kiran Joshi,Kochi
306,Rakesh Iyer,Bengaluru
307,Deepak Kumar,Kolkata
308,Neha Joshi,Ahmedabad
309,Nitin Mehta,Nagpur
310,Sneha Yadav,Mumbai
311,Meera Kumar,Kochi
312,Divya Agarwal,Surat
313,Suresh Sharma,Chennai
314,Suresh Rao,Surat
315,Manoj Mishra,Chennai
316,Meera Joshi,Mumbai
317,Priya Das,Pune
318,Asha Patel,Bengaluru
319,Pooja Mehta,Ahmedabad
320,Rohit Verma,Chennai
321,Amit Nair,Bhopal
322,Deepak Jain,Bengaluru
323,Rahul Patel,Jaipur
324,Suresh Kulkarni,Ahmedabad
325,Divya Rao,Ahmedabad
326,Arjun Singh,Pune
327,Meera Mehta,Ahmedabad
328,Kavita Joshi,Bhopal
329,Kiran Bhat,Bhopal
330,Nitin Mishra,Kolkata
331,Manoj Singh,Lucknow
332,Kavita Bhat,Kolkata
333,Priya Das,Nagpur
334,Arjun Iyer,Kolkata
335,Manoj Bhat,Delhi
336,Deepak Chauhan,Mumbai
337,Deepak Reddy,Indore
338,Divya Kulkarni,Kolkata
339,Rakesh Rao,Nagpur
340,Priya Verma,Nagpur
341,Kavita Iyer,Surat
342,Meera Rao,Ahmedabad
343,Arjun Singh,Kolkata
344,Anjali Bhat,Delhi
345,Rakesh Chauhan,Bhopal
346,Neha Patel,Ahmedabad
347,Rahul Joshi,Lucknow
348,Amit Iyer,Kolkata
349,Priya Mishra,Surat
350,Rohit Gupta,Lucknow
351,Manoj Chauhan,Bhopal
352,Rahul Sharma,Kolkata
353,Rakesh Singh,Kolkata
354,Kavita Sharma,Kolkata
355,Amit Verma,Kochi
356,Anjali Reddy,Kolkata
357,Nitin Gupta,Hyderabad
358,Asha Das,Indore
359,Asha Nair,Pune
360,Pooja Das,Ahmedabad
361,Anjali Joshi,Delhi
362,Arjun Bhat,Delhi
363,Kavita Reddy,Indore
364,Priya Agarwal,Lucknow
365,Anjali Reddy,Bhopal
366,Neha Mishra,Nagpur
367,Deepak Das,Indore
368,Meera Gupta,Kochi
369,Amit Iyer,Bengaluru
370,Divya Das,Kochi
371,Sneha Sharma,Mumbai
372,Priya Iyer,Hyderabad
373,Rakesh Rao,Pune
374,Suresh Joshi,Hyderabad
375,Nitin Jain,Jaipur
376,Asha Mishra,Pune
377,Divya Mehta,Ahmedabad
378,Rohit Das,Lucknow
379,Amit Kulkarni,Kolkata
380,Pooja Yadav,Chennai
381,Suresh Mishra,Surat
382,Sneha Joshi,Surat
383,Rahul Joshi,Jaipur
384,Divya Mishra,Surat
385,Manoj Bhat,Kolkata
386,Amit Kulkarni,Surat
387,Amit Reddy,Indore
388,Divya Jain,Jaipur
389,Manoj Verma,Bhopal
390,Kavita Iyer,Surat
391,Vikram Reddy,Kolkata
392,Rakesh Sharma,Kolkata
393,Rakesh Joshi,Hyderabad
394,Rakesh Reddy,Chennai
395,Manoj Reddy,Chennai
396,Neha Nair,Surat
397,Deepak Mishra,Hyderabad
398,Priya Sharma,Pune
399,Nitin Mehta,Surat
400,Priya Kumar,Pune
401,Manoj Sharma,Jaipur
402,Kiran Chauhan,Pune
403,Suresh Verma,Kochi
404,Amit Mishra,Bengaluru
405,Meera Das,Pune
406,Deepak Sharma,Indore
407,Nitin Joshi,Surat
408,Vikram Mishra,Kochi
409,Nitin Joshi,Chennai
410,Meera Verma,Pune
411,Meera Mehta,Ahmedabad
412,Divya Mehta,Hyderabad
413,Neha Mishra,Bengaluru
414,Divya Reddy,Bhopal
415,Deepak Gupta,Jaipur
416,Suresh Bhat,Hyderabad
417,Suresh Joshi,Indore
418,Pooja Jain,Bhopal
419,Pooja Joshi,Nagpur
420,Arjun Bhat,Indore
421,Divya Rao,Indore
422,Suresh Chauhan,Indore
423,Arjun Joshi,Bengaluru
424,Divya Sharma,Ahmedabad
425,Amit Singh,Jaipur
426,Neha Joshi,Indore
427,Anjali Singh,Kolkata
428,Rakesh Patel,Chennai
429,Rakesh Singh,Bengaluru
430,Deepak Joshi,Pune
431,Rahul Chauhan,Hyderabad
432,Rohit Mishra,Kolkata
433,Pooja Mehta,Surat
434,Anjali Patel,Nagpur
435,Rohit Chauhan,Ahmedabad
436,Nitin Agarwal,Kochi
437,Meera Sharma,Pune
438,Amit Yadav,Bhopal
439,Kiran Jain,Bhopal
440,Rohit Das,Kochi
441,Kiran Singh,Delhi
442,Neha Nair,Indore
443,Pooja Bhat,Kolkata
444,Asha Kulkarni,Delhi
445,Pooja Mishra,Delhi
446,Priya Mishra,Delhi
447,Rohit Gupta,Ahmedabad
448,Suresh Mehta,Surat
449,Rohit Joshi,Bhopal
450,Rahul Joshi,Bhopal
451,Nitin Joshi,Ahmedabad
452,Kiran Patel,Mumbai
453,Anjali Patel,Bengaluru
454,Rohit Rao,Lucknow
455,Asha Kumar,Surat
456,Priya Reddy,Kolkata
457,Vikram Gupta,Lucknow
458,Kavita Das,Ahmedabad
459,Sneha Reddy,Indore
460,Pooja Gupta,Chennai
461,Neha Verma,Lucknow
462,Kiran Yadav,Nagpur
463,Sneha Mehta,Kochi
464,Rohit Agarwal,Mumbai
465,Anjali Rao,Lucknow
466,Vikram Bhat,Indore
467,Kiran Iyer,Kolkata
468,Sneha Patel,Jaipur
469,Kiran Rao,Surat
470,Rohit Joshi,Mumbai
471,Rakesh Sharma,Kolkata
472,Nitin Bhat,Indore
473,Kiran Das,Indore
474,Pooja Chauhan,Chennai
475,Amit Verma,Jaipur
476,Anjali Reddy,Delhi
477,Deepak Chauhan,Jaipur
478,Rohit Kulkarni,Kolkata
479,Pooja Sharma,Chennai
480,Neha Chauhan,Kochi
481,Asha Rao,Kolkata
482,Nitin Rao,Nagpur
483,Pooja Mishra,Indore
484,Rahul Reddy,Kolkata
485,Anjali Sharma,Ahmedabad
486,Asha Rao,Chennai
487,Meera Chauhan,Ahmedabad
488,Manoj Kumar,Indore
489,Divya Patel,Kochi
490,Neha Nair,Jaipur
491,Vikram Agarwal,Delhi
492,Rohit Jain,Jaipur
493,Rakesh Kumar,Delhi
494,Asha Rao,Delhi
495,Pooja Yadav,Chennai
496,Sneha Gupta,Lucknow
497,Rohit Verma,Jaipur
498,Kavita Gupta,Kolkata
499,Kavita Kulkarni,Lucknow
500,Divya Patel,Delhi
501,Arjun Reddy,Bhopal
502,Manoj Mehta,Ahmedabad
503,Rohit Kumar,Surat
504,Deepak Iyer,Indore
505,Amit Kumar,Surat
506,Divya Verma,Lucknow
507,Pooja Yadav,Kochi
508,Amit Chauhan,Lucknow
509,Manoj Mishra,Jaipur
510,Vikram Joshi,Delhi
511,Pooja Bhat,Lucknow
512,Arjun Joshi,Ahmedabad
513,Suresh Agarwal,Lucknow
514,Manoj Jain,Kochi
515,Anjali Yadav,Bhopal
516,Deepak Singh,Jaipur
517,Divya Mehta,Chennai
518,Meera Yadav,Nagpur
519,Rohit Bhat,Ahmedabad
520,Priya Kumar,Ahmedabad
521,Rohit Mehta,Pune
522,Manoj Singh,Chennai
523,Vikram Joshi,Hyderabad
524,Divya Iyer,Mumbai
525,Kiran Verma,Hyderabad
526,Suresh Gupta,Chennai
527,Nitin Chauhan,Bengaluru
528,Anjali Singh,Hyderabad
529,Neha Gupta,Chennai
530,Vikram Mehta,Delhi
531,Kiran Nair,Indore
532,Suresh Verma,Pune
533,Rohit Kulkarni,Hyderabad
534,Vikram Agarwal,Kolkata
535,Rahul Patel,Bengaluru
536,Manoj Sharma,Kolkata
537,Vikram Iyer,Mumbai
538,Arjun Singh,Hyderabad
539,Suresh Iyer,Pune
540,Amit Verma,Mumbai
541,Kiran Chauhan,Kochi
542,Rahul Nair,Mumbai
543,Rohit Kumar,Jaipur
544,Rohit Nair,Delhi
545,Anjali Verma,Pune
546,Deepak Kulkarni,Mumbai
547,Kiran Patel,Jaipur
548,Deepak Das,Pune
549,Arjun Rao,Indore
550,Manoj Patel,Bengaluru
551,Manoj Bhat,Kolkata
552,Sneha Nair,Pune
553,Asha Kumar,Delhi
554,Rohit Bhat,Kolkata
555,Priya Patel,Bengaluru
556,Sneha Kumar,Jaipur
557,Pooja Patel,Surat
558,Asha Mishra,Nagpur
559,Manoj Yadav,Hyderabad
560,Kavita Rao,Pune
561,Nitin Nair,Mumbai
562,Sneha Mehta,Bhopal
563,Amit Iyer,Jaipur
564,Arjun Gupta,Kolkata
565,Deepak Kumar,Delhi
566,Kiran Gupta,Kochi
567,Deepak Mishra,Jaipur
568,Sneha Sharma,Mumbai
569,Manoj Gupta,Hyderabad
570,Divya Bhat,Indore
571,Rakesh Rao,Kolkata
572,Rohit Mehta,Indore
573,Deepak Das,Bhopal
574,Anjali Yadav,Nagpur
575,Rohit Verma,Indore
576,Vikram Singh,Mumbai
577,Divya Kulkarni,Surat
578,Kavita Yadav,Nagpur
579,Divya Kumar,Delhi
580,Neha Reddy,Ahmedabad
581,Suresh Reddy,Kolkata
582,Asha Gupta,Surat
583,Amit Bhat,Kolkata
584,Nitin Iyer,Ahmedabad
585,Priya Sharma,Ahmedabad
586,Priya Gupta,Chennai
587,Rakesh Jain,Lucknow
588,Deepak Jain,Delhi
589,Arjun Yadav,Lucknow
590,Priya Reddy,Chennai
591,Nitin Gupta,Bengaluru
592,Deepak Nair,Chennai
593,Arjun Iyer,Hyderabad
594,Rahul Chauhan,Nagpur
595,Neha Nair,Kochi
596,Rakesh Verma,Bhopal
597,Rakesh Kumar,Indore
598,Kiran Iyer,Mumbai
599,Amit Mishra,Bengaluru
600,Anjali Kumar,Ahmedabad
601,Priya Mishra,Mumbai
602,Deepak Gupta,Kochi
603,Anjali Iyer,Lucknow
604,Suresh Mishra,Kolkata
605,Rakesh Bhat,Bengaluru
606,Asha Patel,Kolkata
607,Neha Sharma,Mumbai
608,Rakesh Nair,Delhi
609,Meera Sharma,Hyderabad
610,Rohit Yadav,Mumbai
611,Kiran Yadav,Mumbai
612,Asha Singh,Hyderabad
613,Rahul Iyer,Chennai
614,Divya Gupta,Jaipur
615,Sneha Mishra,Mumbai
616,Amit Mehta,Indore
617,Deepak Mishra,Delhi
618,Vikram Mehta,Bhopal
619,Kiran Gupta,Mumbai
620,Amit Iyer,Surat
621,Amit Das,Ahmedabad
622,Pooja Gupta,Ahmedabad
623,Kavita Singh,Pune
624,Kavita Agarwal,Ahmedabad
625,Asha Reddy,Chennai
626,Vikram Nair,Bengaluru
627,Arjun Kumar,Lucknow
628,Nitin Bhat,Bengaluru
629,Divya Jain,Mumbai
630,Nitin Nair,Delhi
631,Sneha Bhat,Ahmedabad
632,Neha Agarwal,Bhopal
633,Suresh Reddy,Ahmedabad
634,Rohit Sharma,Kolkata
635,Neha Iyer,Indore
636,Divya Yadav,Kochi
637,Amit Nair,Hyderabad
638,Nitin Das,Pune
639,Priya Verma,Jaipur
640,Rakesh Mishra,Kolkata
641,Deepak Mehta,Mumbai
642,Kavita Gupta,Pune
643,Deepak Singh,Nagpur
644,Arjun Jain,Nagpur
645,Rahul Jain,Hyderabad
646,Nitin Singh,Kochi
647,Nitin Mishra,Lucknow
648,Asha Jain,Hyderabad
649,Meera Agarwal,Lucknow
650,Vikram Agarwal,Kolkata
651,Neha Mishra,Indore
652,Kavita Agarwal,Delhi
653,Anjali Yadav,Surat
654,Rahul Rao,Pune
655,Meera Rao,Surat
656,Kavita Jain,Bhopal
657,Rakesh Sharma,Lucknow
658,Anjali Singh,Kolkata
659,Arjun Gupta,Kochi
660,Pooja Mehta,Bengaluru
661,Manoj Kulkarni,Chennai
662,Rakesh Nair,Pune
663,Anjali Gupta,Lucknow
664,Meera Kulkarni,Kochi
665,Suresh Verma,Delhi
666,Amit Iyer,Delhi
667,Vikram Das,Hyderabad
668,Manoj Agarwal,Kochi
669,Meera Agarwal,Indore
670,Deepak Singh,Hyderabad
671,Deepak Rao,Chennai
672,Pooja Kumar,Bengaluru
673,Suresh Kulkarni,Bhopal
674,Neha Verma,Hyderabad
675,Neha Sharma,Bhopal
676,Amit Reddy,Surat
677,Kiran Nair,Jaipur
678,Neha Bhat,Mumbai
679,Amit Chauhan,Jaipur
680,Amit Das,Kolkata
681,Kavita Rao,Bengaluru
682,Manoj Reddy,Nagpur
683,Kiran Kulkarni,Bhopal
684,Arjun Jain,Bhopal
685,Meera Nair,Bengaluru
686,Neha Bhat,Jaipur
687,Amit Bhat,Hyderabad
688,Kiran Kumar,Kochi
689,Divya Kulkarni,Lucknow
690,Kiran Mehta,Surat
691,Anjali Iyer,Kochi
692,Deepak Agarwal,Kolkata
693,Kiran Mishra,Mumbai
694,Priya Kulkarni,Lucknow
695,Deepak Yadav,Kolkata
696,Divya Mishra,Bhopal
697,Amit Chauhan,Hyderabad
698,Rahul Sharma,Delhi
699,Rakesh Reddy,Chennai
700,Manoj Rao,Delhi
701,Deepak Das,Kochi
702,Asha Das,Bengaluru
703,Arjun Singh,Kochi
704,Meera Joshi,Chennai
705,Rahul Agarwal,Bengaluru
706,Arjun Iyer,Jaipur
707,Kiran Sharma,Chennai
708,Kiran Gupta,Bengaluru
709,Asha Singh,Kolkata
710,Priya Nair,Indore
711,Vikram Jain,Kolkata
712,Rakesh Agarwal,Delhi
713,Divya Joshi,Lucknow
714,Amit Mehta,Bengaluru
715,Rohit Iyer,Chennai
716,Asha Sharma,Kolkata
717,Vikram Nair,Kolkata
718,Manoj Iyer,Nagpur
719,Priya Verma,Delhi
720,Kavita Gupta,Chennai
721,Manoj Mehta,Hyderabad
722,Manoj Iyer,Indore
723,Divya Rao,Surat
724,Kavita Patel,Hyderabad
725,Amit Chauhan,Surat
726,Neha Yadav,Mumbai
727,Manoj Kulkarni,Nagpur
728,Amit Singh,Delhi
729,Meera Mishra,Kochi
730,Vikram Mishra,Indore
731,Priya Verma,Delhi
732,Deepak Nair,Indore
733,Pooja Sharma,Indore
734,Arjun Rao,Hyderabad
735,Asha Gupta,Pune
736,Anjali Chauhan,Pune
737,Rakesh Joshi,Mumbai
738,Anjali Nair,Lucknow
739,Suresh Kulkarni,Kolkata
740,Rakesh Verma,Mumbai
741,Sneha Chauhan,Hyderabad
742,Kavita Das,Indore
743,Meera Agarwal,Pune
744,Priya Sharma,Hyderabad
745,Priya Verma,Bengaluru
746,Suresh Iyer,Jaipur
747,Suresh Kumar,Pune
748,Manoj Kumar,Delhi
749,Nitin Patel,Mumbai
750,Rohit Iyer,Ahmedabad
751,Neha Rao,Hyderabad
752,Nitin Kulkarni,Chennai
753,Neha Joshi,Jaipur
754,Neha Rao,Surat
755,Manoj Singh,Kochi
756,Meera Nair,Hyderabad
757,Meera Bhat,Bhopal
758,Rahul Joshi,Surat
759,Sneha Patel,Mumbai
760,Rohit Kumar,Ahmedabad
761,Amit Agarwal,Bhopal
762,Priya Agarwal,Kochi
763,Kavita Joshi,Jaipur
764,Sneha Mehta,Surat
765,Arjun Rao,Bhopal
766,Rakesh Kumar,Surat
767,Neha Mehta,Ahmedabad
768,Vikram Rao,Hyderabad
769,Manoj Patel,Jaipur
770,Kiran Patel,Lucknow
771,Rakesh Das,Mumbai
772,Rahul Iyer,Lucknow
773,Sneha Yadav,Surat
774,Manoj Verma,Bhopal
775,Deepak Jain,Delhi
776,Sneha Agarwal,Kolkata
777,Kiran Iyer,Ahmedabad
778,Nitin Patel,Bhopal
779,Nitin Mishra,Jaipur
780,Anjali Agarwal,Mumbai
781,Vikram Gupta,Lucknow
782,Suresh Chauhan,Kolkata
783,Asha Mehta,Pune
784,Meera Reddy,Mumbai
785,Pooja Jain,Bengaluru
786,Pooja Verma,Bengaluru
787,Meera Rao,Pune
788,Anjali Mehta,Nagpur
789,Divya Sharma,Kolkata
790,Asha Kumar,Indore
791,Neha Reddy,Pune
792,Divya Reddy,Kochi
793,Pooja Bhat,Delhi
794,Kavita Mishra,Bhopal
795,Kavita Reddy,Kochi
796,Suresh Sharma,Kochi
797,Divya Sharma,Kochi
798,Vikram Reddy,Mumbai
799,Asha Gupta,Pune
800,Deepak Iyer,Ahmedabad
801,Rakesh Bhat,Kochi
802,Arjun Chauhan,Lucknow
803,Sneha Sharma,Kolkata
804,Kiran Jain,Surat
805,Suresh Mehta,Mumbai
806,Rakesh Verma,Hyderabad
807,Rahul Jain,Pune
808,Suresh Chauhan,Surat
809,Rakesh Gupta,Pune
810,Divya Mishra,Mumbai
811,Deepak Kumar,Bhopal
812,Neha Mehta,Kolkata
813,Anjali Joshi,Mumbai
814,Arjun Singh,Hyderabad
815,Suresh Rao,Surat
816,Kiran Joshi,Jaipur
817,Anjali Chauhan,Jaipur
818,Arjun Verma,Bhopal
819,Arjun Yadav,Hyderabad
820,Kiran Iyer,Delhi
821,Suresh Sharma,Pune
822,Pooja Das,Nagpur
823,Divya Iyer,Pune
824,Arjun Sharma,Indore
825,Neha Das,Chennai
826,Deepak Mehta,Delhi
827,Anjali Rao,Lucknow
828,Rahul Chauhan,Nagpur
829,Kiran Chauhan,Delhi
830,Nitin Patel,Kochi
831,Amit Agarwal,Indore
832,Vikram Rao,Mumbai
833,Vikram Kumar,Bengaluru
834,Suresh Kumar,Chennai
835,Pooja Reddy,Pune
836,Amit Bhat,Mumbai
837,Arjun Kulkarni,Indore
838,Amit Agarwal,Delhi
839,Pooja Jain,Delhi
840,Kiran Kulkarni,Jaipur
841,Priya Iyer,Nagpur
842,Neha Reddy,Chennai
843,Anjali Mehta,Bhopal
844,Meera Das,Pune
845,Rakesh Rao,Bhopal
846,Meera Reddy,Lucknow
847,Rohit Patel,Mumbai
848,Arjun Kumar,Surat
849,Rahul Yadav,Bengaluru
850,Amit Patel,Hyderabad
851,Rakesh Kulkarni,Mumbai
852,Vikram Singh,Ahmedabad
853,Rakesh Joshi,Surat
854,Neha Chauhan,Chennai
855,Kavita Sharma,Indore
856,Pooja Rao,Pune
857,Manoj Joshi,Kochi
858,Deepak Reddy,Bhopal
859,Kavita Joshi,Indore
860,Suresh Kulkarni,Jaipur
861,Nitin Mehta,Pune
862,Amit Agarwal,Pune
863,Manoj Singh,Chennai
864,Rahul Joshi,Chennai
865,Asha Mishra,Jaipur
866,Nitin Bhat,Pune
867,Vikram Reddy,Jaipur
868,Manoj Gupta,Indore
869,Priya Kulkarni,Ahmedabad
870,Suresh Nair,Bhopal
871,Kavita Bhat,Bhopal
872,Rohit Agarwal,Kolkata
873,Priya Joshi,Bhopal
874,Rahul Rao,Ahmedabad
875,Pooja Mehta,Indore
876,Kavita Mehta,Surat
877,Nitin Patel,Hyderabad
878,Suresh Agarwal,Indore
879,Kiran Yadav,Ahmedabad
880,Suresh Nair,Chennai
881,Vikram Rao,Bhopal
882,Vikram Nair,Hyderabad
883,Sneha Rao,Lucknow
884,Pooja Joshi,Mumbai
885,Rakesh Mishra,Ahmedabad
886,Asha Kumar,Jaipur
887,Asha Rao,Surat
888,Arjun Iyer,Nagpur
889,Anjali Kumar,Indore
890,Rakesh Chauhan,Delhi
891,Sneha Verma,Jaipur
892,Arjun Kumar,Kolkata
893,Pooja Iyer,Bengaluru
894,Nitin Chauhan,Ahmedabad
895,Deepak Rao,Surat
896,Rakesh Reddy,Indore
897,Amit Gupta,Kochi
898,Rahul Sharma,Lucknow
899,Arjun Yadav,Mumbai
900,Rahul Agarwal,Surat
901,Pooja Jain,Surat
902,Neha Kumar,Bengaluru
903,Sneha Iyer,Kolkata
904,Amit Iyer,Delhi
905,Manoj Reddy,Bengaluru
906,Kiran Mishra,Chennai
907,Neha Reddy,Kochi
908,Kavita Das,Jaipur
909,Deepak Kumar,Kolkata
910,Meera Yadav,Mumbai
911,Priya Reddy,Kolkata
912,Anjali Jain,Nagpur
913,Manoj Joshi,Jaipur
914,Sneha Singh,Delhi
915,Arjun Kumar,Jaipur
916,Arjun Iyer,Chennai
917,Suresh Chauhan,Hyderabad
918,Anjali Joshi,Kolkata
919,Manoj Das,Nagpur
920,Meera Yadav,Surat
921,Asha Verma,Ahmedabad
922,Arjun Iyer,Indore
923,Pooja Yadav,Jaipur
924,Sneha Patel,Mumbai
925,Neha Bhat,Chennai
926,Kiran Reddy,Lucknow
927,Sneha Agarwal,Bhopal
928,Anjali Reddy,Delhi
929,Amit Nair,Surat
930,Pooja Agarwal,Kochi
931,Neha Kulkarni,Jaipur
932,Rahul Jain,Kolkata
933,Sneha Verma,Bhopal
934,Vikram Singh,Surat
935,Kiran Jain,Indore
936,Rahul Iyer,Kochi
937,Rahul Reddy,Jaipur
938,Divya Kulkarni,Bhopal
939,Kiran Bhat,Indore
940,Neha Mehta,Delhi
941,Sneha Kulkarni,Pune
942,Kiran Verma,Kolkata
943,Suresh Iyer,Pune
944,Anjali Nair,Kolkata
945,Rahul Gupta,Pune
946,Nitin Jain,Delhi
947,Rakesh Singh,Surat
948,Nitin Chauhan,Chennai
949,Rakesh Singh,Mumbai
950,Kiran Yadav,Bhopal
951,Neha Reddy,Kochi
952,Neha Reddy,Mumbai
953,Meera Singh,Bhopal
954,Divya Nair,Bengaluru
955,Priya Gupta,Nagpur
956,Rahul Gupta,Indore
957,Neha Das,Lucknow
958,Sneha Jain,Mumbai
959,Deepak Agarwal,Bengaluru
960,Manoj Nair,Mumbai
961,Deepak Rao,Mumbai
962,Asha Verma,Indore
963,Amit Yadav,Kochi
964,Asha Rao,Chennai
965,Kiran Gupta,Kochi
966,Nitin Bhat,Chennai
967,Kiran Chauhan,Bengaluru
968,Sneha Mehta,Ahmedabad
969,Rohit Nair,Surat
970,Meera Joshi,Surat
971,Asha Bhat,Mumbai
972,Priya Rao,Lucknow
973,Rakesh Rao,Indore
974,Pooja Jain,Chennai
975,Suresh Iyer,Chennai
976,Meera Iyer,Lucknow
977,Rakesh Joshi,Nagpur
978,Manoj Gupta,Hyderabad
979,Deepak Singh,Delhi
980,Rakesh Rao,Kolkata
981,Priya Chauhan,Delhi
982,Amit Verma,Kochi
983,Rahul Mishra,Bengaluru
984,Divya Rao,Ahmedabad
985,Pooja Rao,Kochi
986,Manoj Mehta,Hyderabad
987,Rohit Jain,Delhi
988,Meera Sharma,Pune
989,Pooja Agarwal,Bhopal
990,Kiran Rao,Chennai
991,Priya Singh,Bengaluru
992,Suresh Das,Lucknow
993,Deepak Jain,Jaipur
994,Kiran Mishra,Mumbai
995,Rahul Das,Ahmedabad
996,Divya Joshi,Hyderabad
997,Meera Nair,Kolkata
998,Nitin Agarwal,Bhopal
999,Meera Kumar,Mumbai
1000,Sneha Nair,Kochi
